-- PRAGMA foreign_keys=OFF;
BEGIN TRANSACTION;
CREATE TABLE IF NOT EXISTS "django_migrations" ("id" integer NOT NULL PRIMARY KEY SERIAL, "app" varchar(255) NOT NULL, "name" varchar(255) NOT NULL, "applied" datetime NOT NULL);
INSERT INTO django_migrations VALUES(1,'contenttypes','0001_initial','2025-02-07 08:59:27.708377');
INSERT INTO django_migrations VALUES(2,'auth','0001_initial','2025-02-07 08:59:27.712255');
INSERT INTO django_migrations VALUES(3,'account','0001_initial','2025-02-07 08:59:27.716058');
INSERT INTO django_migrations VALUES(4,'account','0002_email_max_length','2025-02-07 08:59:27.718708');
INSERT INTO django_migrations VALUES(5,'account','0003_alter_emailaddress_create_unique_verified_email','2025-02-07 08:59:27.722982');
INSERT INTO django_migrations VALUES(6,'account','0004_alter_emailaddress_drop_unique_email','2025-02-07 08:59:27.727365');
INSERT INTO django_migrations VALUES(7,'account','0005_emailaddress_idx_upper_email','2025-02-07 08:59:27.729782');
INSERT INTO django_migrations VALUES(8,'account','0006_emailaddress_lower','2025-02-07 08:59:27.731838');
INSERT INTO django_migrations VALUES(9,'account','0007_emailaddress_idx_email','2025-02-07 08:59:27.735924');
INSERT INTO django_migrations VALUES(10,'account','0008_emailaddress_unique_primary_email_fixup','2025-02-07 08:59:27.738134');
INSERT INTO django_migrations VALUES(11,'account','0009_emailaddress_unique_primary_email','2025-02-07 08:59:27.739797');
INSERT INTO django_migrations VALUES(12,'admin','0001_initial','2025-02-07 08:59:27.742331');
INSERT INTO django_migrations VALUES(13,'admin','0002_logentry_remove_auto_add','2025-02-07 08:59:27.745280');
INSERT INTO django_migrations VALUES(14,'admin','0003_logentry_add_action_flag_choices','2025-02-07 08:59:27.747003');
INSERT INTO django_migrations VALUES(15,'contenttypes','0002_remove_content_type_name','2025-02-07 08:59:27.751123');
INSERT INTO django_migrations VALUES(16,'auth','0002_alter_permission_name_max_length','2025-02-07 08:59:27.754490');
INSERT INTO django_migrations VALUES(17,'auth','0003_alter_user_email_max_length','2025-02-07 08:59:27.756967');
INSERT INTO django_migrations VALUES(18,'auth','0004_alter_user_username_opts','2025-02-07 08:59:27.758697');
INSERT INTO django_migrations VALUES(19,'auth','0005_alter_user_last_login_null','2025-02-07 08:59:27.761129');
INSERT INTO django_migrations VALUES(20,'auth','0006_require_contenttypes_0002','2025-02-07 08:59:27.761710');
INSERT INTO django_migrations VALUES(21,'auth','0007_alter_validators_add_error_messages','2025-02-07 08:59:27.763420');
INSERT INTO django_migrations VALUES(22,'auth','0008_alter_user_username_max_length','2025-02-07 08:59:27.765838');
INSERT INTO django_migrations VALUES(23,'auth','0009_alter_user_last_name_max_length','2025-02-07 08:59:27.768669');
INSERT INTO django_migrations VALUES(24,'auth','0010_alter_group_name_max_length','2025-02-07 08:59:27.772090');
INSERT INTO django_migrations VALUES(25,'auth','0011_update_proxy_permissions','2025-02-07 08:59:27.773713');
INSERT INTO django_migrations VALUES(26,'auth','0012_alter_user_first_name_max_length','2025-02-07 08:59:27.776003');
INSERT INTO django_migrations VALUES(27,'bookings','0001_initial','2025-02-07 08:59:27.781426');
INSERT INTO django_migrations VALUES(28,'sessions','0001_initial','2025-02-07 08:59:27.783097');
INSERT INTO django_migrations VALUES(29,'sites','0001_initial','2025-02-07 08:59:27.783873');
INSERT INTO django_migrations VALUES(30,'sites','0002_alter_domain_unique','2025-02-07 08:59:27.785197');
INSERT INTO django_migrations VALUES(31,'socialaccount','0001_initial','2025-02-07 08:59:27.797844');
INSERT INTO django_migrations VALUES(32,'socialaccount','0002_token_max_lengths','2025-02-07 08:59:27.804386');
INSERT INTO django_migrations VALUES(33,'socialaccount','0003_extra_data_default_dict','2025-02-07 08:59:27.807205');
INSERT INTO django_migrations VALUES(34,'socialaccount','0004_app_provider_id_settings','2025-02-07 08:59:27.813286');
INSERT INTO django_migrations VALUES(35,'socialaccount','0005_socialtoken_nullable_app','2025-02-07 08:59:27.817458');
INSERT INTO django_migrations VALUES(36,'socialaccount','0006_alter_socialaccount_extra_data','2025-02-07 08:59:27.820987');
INSERT INTO django_migrations VALUES(37,'default','0001_initial','2025-02-07 09:17:54.331005');
INSERT INTO django_migrations VALUES(38,'social_auth','0001_initial','2025-02-07 09:17:54.331397');
INSERT INTO django_migrations VALUES(39,'default','0002_add_related_name','2025-02-07 09:17:54.334648');
INSERT INTO django_migrations VALUES(40,'social_auth','0002_add_related_name','2025-02-07 09:17:54.334813');
INSERT INTO django_migrations VALUES(41,'default','0003_alter_email_max_length','2025-02-07 09:17:54.336405');
INSERT INTO django_migrations VALUES(42,'social_auth','0003_alter_email_max_length','2025-02-07 09:17:54.336494');
INSERT INTO django_migrations VALUES(43,'default','0004_auto_20160423_0400','2025-02-07 09:17:54.339678');
INSERT INTO django_migrations VALUES(44,'social_auth','0004_auto_20160423_0400','2025-02-07 09:17:54.339775');
INSERT INTO django_migrations VALUES(45,'social_auth','0005_auto_20160727_2333','2025-02-07 09:17:54.340550');
INSERT INTO django_migrations VALUES(46,'social_django','0006_partial','2025-02-07 09:17:54.341409');
INSERT INTO django_migrations VALUES(47,'social_django','0007_code_timestamp','2025-02-07 09:17:54.342943');
INSERT INTO django_migrations VALUES(48,'social_django','0008_partial_timestamp','2025-02-07 09:17:54.344640');
INSERT INTO django_migrations VALUES(49,'social_django','0009_auto_20191118_0520','2025-02-07 09:17:54.350980');
INSERT INTO django_migrations VALUES(50,'social_django','0010_uid_db_index','2025-02-07 09:17:54.354797');
INSERT INTO django_migrations VALUES(51,'social_django','0011_alter_id_fields','2025-02-07 09:17:54.362668');
INSERT INTO django_migrations VALUES(52,'social_django','0012_usersocialauth_extra_data_new','2025-02-07 09:17:54.367361');
INSERT INTO django_migrations VALUES(53,'social_django','0013_migrate_extra_data','2025-02-07 09:17:54.371181');
INSERT INTO django_migrations VALUES(54,'social_django','0014_remove_usersocialauth_extra_data','2025-02-07 09:17:54.376138');
INSERT INTO django_migrations VALUES(55,'social_django','0015_rename_extra_data_new_usersocialauth_extra_data','2025-02-07 09:17:54.380055');
INSERT INTO django_migrations VALUES(56,'social_django','0016_alter_usersocialauth_extra_data','2025-02-07 09:17:54.382207');
INSERT INTO django_migrations VALUES(57,'social_django','0001_initial','2025-02-07 09:17:54.382853');
INSERT INTO django_migrations VALUES(58,'social_django','0005_auto_20160727_2333','2025-02-07 09:17:54.383173');
INSERT INTO django_migrations VALUES(59,'social_django','0002_add_related_name','2025-02-07 09:17:54.383468');
INSERT INTO django_migrations VALUES(60,'social_django','0003_alter_email_max_length','2025-02-07 09:17:54.383753');
INSERT INTO django_migrations VALUES(61,'social_django','0004_auto_20160423_0400','2025-02-07 09:17:54.384106');
INSERT INTO django_migrations VALUES(62,'bookings','0002_seatclass_intermediatestop','2025-02-09 03:04:16.595467');
INSERT INTO django_migrations VALUES(63,'bookings','0003_seatclass_bus','2025-02-09 03:17:11.198252');
INSERT INTO django_migrations VALUES(64,'bookings','0004_remove_intermediatestop_stop_name','2025-02-09 03:22:02.382534');
INSERT INTO django_migrations VALUES(65,'bookings','0005_rename_price_multiplier_seatclass_price_class','2025-02-09 03:30:09.301799');
INSERT INTO django_migrations VALUES(66,'bookings','0006_remove_bus_fare','2025-02-09 03:31:52.499231');
INSERT INTO django_migrations VALUES(67,'bookings','0007_intermediatestop_fare_multiplier','2025-02-09 05:09:03.617840');
INSERT INTO django_migrations VALUES(68,'bookings','0008_booking_boarding_booking_deboarding','2025-02-09 11:54:34.345892');
INSERT INTO django_migrations VALUES(69,'bookings','0009_remove_bus_available_seats','2025-02-09 19:10:34.758140');
CREATE TABLE IF NOT EXISTS "auth_group_permissions" ("id" integer NOT NULL PRIMARY KEY AUTOINCREMENT, "group_id" integer NOT NULL REFERENCES "auth_group" ("id") DEFERRABLE INITIALLY DEFERRED, "permission_id" integer NOT NULL REFERENCES "auth_permission" ("id") DEFERRABLE INITIALLY DEFERRED);
CREATE TABLE IF NOT EXISTS "auth_user_groups" ("id" integer NOT NULL PRIMARY KEY AUTOINCREMENT, "user_id" integer NOT NULL REFERENCES "auth_user" ("id") DEFERRABLE INITIALLY DEFERRED, "group_id" integer NOT NULL REFERENCES "auth_group" ("id") DEFERRABLE INITIALLY DEFERRED);
CREATE TABLE IF NOT EXISTS "auth_user_user_permissions" ("id" integer NOT NULL PRIMARY KEY AUTOINCREMENT, "user_id" integer NOT NULL REFERENCES "auth_user" ("id") DEFERRABLE INITIALLY DEFERRED, "permission_id" integer NOT NULL REFERENCES "auth_permission" ("id") DEFERRABLE INITIALLY DEFERRED);
CREATE TABLE IF NOT EXISTS "account_emailconfirmation" ("id" integer NOT NULL PRIMARY KEY AUTOINCREMENT, "created" datetime NOT NULL, "sent" datetime NULL, "key" varchar(64) NOT NULL UNIQUE, "email_address_id" integer NOT NULL REFERENCES "account_emailaddress" ("id") DEFERRABLE INITIALLY DEFERRED);
CREATE TABLE IF NOT EXISTS "account_emailaddress" ("id" integer NOT NULL PRIMARY KEY AUTOINCREMENT, "verified" bool NOT NULL, "primary" bool NOT NULL, "user_id" integer NOT NULL REFERENCES "auth_user" ("id") DEFERRABLE INITIALLY DEFERRED, "email" varchar(254) NOT NULL);
CREATE TABLE IF NOT EXISTS "django_admin_log" ("id" integer NOT NULL PRIMARY KEY AUTOINCREMENT, "object_id" text NULL, "object_repr" varchar(200) NOT NULL, "action_flag" smallint unsigned NOT NULL CHECK ("action_flag" >= 0), "change_message" text NOT NULL, "content_type_id" integer NULL REFERENCES "django_content_type" ("id") DEFERRABLE INITIALLY DEFERRED, "user_id" integer NOT NULL REFERENCES "auth_user" ("id") DEFERRABLE INITIALLY DEFERRED, "action_time" datetime NOT NULL);
INSERT INTO django_admin_log VALUES(1,'1','Google login',1,'[{"added": {}}]',13,1,'2025-02-07 15:23:46.653331');
INSERT INTO django_admin_log VALUES(2,'1','Volvo Multi Axle',1,'[{"added": {}}]',7,1,'2025-02-08 02:35:12.092286');
INSERT INTO django_admin_log VALUES(3,'2','Luxury Non AC',1,'[{"added": {}}]',7,1,'2025-02-08 02:36:37.840122');
INSERT INTO django_admin_log VALUES(4,'3','Merecedes Benz Multi Axle',1,'[{"added": {}}]',7,1,'2025-02-08 02:38:02.246941');
INSERT INTO django_admin_log VALUES(5,'1',' (Loharu)',1,'[{"added": {}}]',22,1,'2025-02-09 03:26:53.437005');
INSERT INTO django_admin_log VALUES(6,'2',' (gurugram)',1,'[{"added": {}}]',22,1,'2025-02-09 03:27:28.230949');
INSERT INTO django_admin_log VALUES(7,'1','recliner',1,'[{"added": {}}]',21,1,'2025-02-09 03:28:18.315964');
INSERT INTO django_admin_log VALUES(8,'2','Normal',1,'[{"added": {}}]',21,1,'2025-02-09 03:30:47.083435');
INSERT INTO django_admin_log VALUES(9,'1','recliner',2,'[{"changed": {"fields": ["Price class"]}}]',21,1,'2025-02-09 03:30:58.250919');
INSERT INTO django_admin_log VALUES(10,'1','Volvo Multi Axle',2,'[{"changed": {"fields": ["Available seats"]}}]',7,1,'2025-02-09 03:31:22.207024');
INSERT INTO django_admin_log VALUES(11,'1','Volvo Multi Axle',2,'[]',7,1,'2025-02-09 03:32:13.074313');
INSERT INTO django_admin_log VALUES(12,'1',' (Loharu)',2,'[{"changed": {"fields": ["Fare multiplier"]}}]',22,1,'2025-02-09 05:09:45.074347');
INSERT INTO django_admin_log VALUES(13,'2',' (gurugram)',2,'[{"changed": {"fields": ["Fare multiplier"]}}]',22,1,'2025-02-09 05:09:53.105084');
INSERT INTO django_admin_log VALUES(14,'1','Volvo Multi Axle',2,'[]',7,1,'2025-02-09 19:51:30.822399');
INSERT INTO django_admin_log VALUES(15,'2','Luxury Non AC',2,'[]',7,1,'2025-02-09 19:51:50.242991');
CREATE TABLE IF NOT EXISTS "django_content_type" ("id" integer NOT NULL PRIMARY KEY AUTOINCREMENT, "app_label" varchar(100) NOT NULL, "model" varchar(100) NOT NULL);
INSERT INTO django_content_type VALUES(1,'admin','logentry');
INSERT INTO django_content_type VALUES(2,'auth','permission');
INSERT INTO django_content_type VALUES(3,'auth','group');
INSERT INTO django_content_type VALUES(4,'auth','user');
INSERT INTO django_content_type VALUES(5,'contenttypes','contenttype');
INSERT INTO django_content_type VALUES(6,'sessions','session');
INSERT INTO django_content_type VALUES(7,'bookings','bus');
INSERT INTO django_content_type VALUES(8,'bookings','booking');
INSERT INTO django_content_type VALUES(9,'bookings','wallet');
INSERT INTO django_content_type VALUES(10,'account','emailaddress');
INSERT INTO django_content_type VALUES(11,'account','emailconfirmation');
INSERT INTO django_content_type VALUES(12,'socialaccount','socialaccount');
INSERT INTO django_content_type VALUES(13,'socialaccount','socialapp');
INSERT INTO django_content_type VALUES(14,'socialaccount','socialtoken');
INSERT INTO django_content_type VALUES(15,'sites','site');
INSERT INTO django_content_type VALUES(16,'social_django','association');
INSERT INTO django_content_type VALUES(17,'social_django','code');
INSERT INTO django_content_type VALUES(18,'social_django','nonce');
INSERT INTO django_content_type VALUES(19,'social_django','usersocialauth');
INSERT INTO django_content_type VALUES(20,'social_django','partial');
INSERT INTO django_content_type VALUES(21,'bookings','seatclass');
INSERT INTO django_content_type VALUES(22,'bookings','intermediatestop');
CREATE TABLE IF NOT EXISTS "auth_permission" ("id" integer NOT NULL PRIMARY KEY AUTOINCREMENT, "content_type_id" integer NOT NULL REFERENCES "django_content_type" ("id") DEFERRABLE INITIALLY DEFERRED, "codename" varchar(100) NOT NULL, "name" varchar(255) NOT NULL);
INSERT INTO auth_permission VALUES(1,1,'add_logentry','Can add log entry');
INSERT INTO auth_permission VALUES(2,1,'change_logentry','Can change log entry');
INSERT INTO auth_permission VALUES(3,1,'delete_logentry','Can delete log entry');
INSERT INTO auth_permission VALUES(4,1,'view_logentry','Can view log entry');
INSERT INTO auth_permission VALUES(5,2,'add_permission','Can add permission');
INSERT INTO auth_permission VALUES(6,2,'change_permission','Can change permission');
INSERT INTO auth_permission VALUES(7,2,'delete_permission','Can delete permission');
INSERT INTO auth_permission VALUES(8,2,'view_permission','Can view permission');
INSERT INTO auth_permission VALUES(9,3,'add_group','Can add group');
INSERT INTO auth_permission VALUES(10,3,'change_group','Can change group');
INSERT INTO auth_permission VALUES(11,3,'delete_group','Can delete group');
INSERT INTO auth_permission VALUES(12,3,'view_group','Can view group');
INSERT INTO auth_permission VALUES(13,4,'add_user','Can add user');
INSERT INTO auth_permission VALUES(14,4,'change_user','Can change user');
INSERT INTO auth_permission VALUES(15,4,'delete_user','Can delete user');
INSERT INTO auth_permission VALUES(16,4,'view_user','Can view user');
INSERT INTO auth_permission VALUES(17,5,'add_contenttype','Can add content type');
INSERT INTO auth_permission VALUES(18,5,'change_contenttype','Can change content type');
INSERT INTO auth_permission VALUES(19,5,'delete_contenttype','Can delete content type');
INSERT INTO auth_permission VALUES(20,5,'view_contenttype','Can view content type');
INSERT INTO auth_permission VALUES(21,6,'add_session','Can add session');
INSERT INTO auth_permission VALUES(22,6,'change_session','Can change session');
INSERT INTO auth_permission VALUES(23,6,'delete_session','Can delete session');
INSERT INTO auth_permission VALUES(24,6,'view_session','Can view session');
INSERT INTO auth_permission VALUES(25,7,'add_bus','Can add bus');
INSERT INTO auth_permission VALUES(26,7,'change_bus','Can change bus');
INSERT INTO auth_permission VALUES(27,7,'delete_bus','Can delete bus');
INSERT INTO auth_permission VALUES(28,7,'view_bus','Can view bus');
INSERT INTO auth_permission VALUES(29,8,'add_booking','Can add booking');
INSERT INTO auth_permission VALUES(30,8,'change_booking','Can change booking');
INSERT INTO auth_permission VALUES(31,8,'delete_booking','Can delete booking');
INSERT INTO auth_permission VALUES(32,8,'view_booking','Can view booking');
INSERT INTO auth_permission VALUES(33,9,'add_wallet','Can add wallet');
INSERT INTO auth_permission VALUES(34,9,'change_wallet','Can change wallet');
INSERT INTO auth_permission VALUES(35,9,'delete_wallet','Can delete wallet');
INSERT INTO auth_permission VALUES(36,9,'view_wallet','Can view wallet');
INSERT INTO auth_permission VALUES(37,10,'add_emailaddress','Can add email address');
INSERT INTO auth_permission VALUES(38,10,'change_emailaddress','Can change email address');
INSERT INTO auth_permission VALUES(39,10,'delete_emailaddress','Can delete email address');
INSERT INTO auth_permission VALUES(40,10,'view_emailaddress','Can view email address');
INSERT INTO auth_permission VALUES(41,11,'add_emailconfirmation','Can add email confirmation');
INSERT INTO auth_permission VALUES(42,11,'change_emailconfirmation','Can change email confirmation');
INSERT INTO auth_permission VALUES(43,11,'delete_emailconfirmation','Can delete email confirmation');
INSERT INTO auth_permission VALUES(44,11,'view_emailconfirmation','Can view email confirmation');
INSERT INTO auth_permission VALUES(45,12,'add_socialaccount','Can add social account');
INSERT INTO auth_permission VALUES(46,12,'change_socialaccount','Can change social account');
INSERT INTO auth_permission VALUES(47,12,'delete_socialaccount','Can delete social account');
INSERT INTO auth_permission VALUES(48,12,'view_socialaccount','Can view social account');
INSERT INTO auth_permission VALUES(49,13,'add_socialapp','Can add social application');
INSERT INTO auth_permission VALUES(50,13,'change_socialapp','Can change social application');
INSERT INTO auth_permission VALUES(51,13,'delete_socialapp','Can delete social application');
INSERT INTO auth_permission VALUES(52,13,'view_socialapp','Can view social application');
INSERT INTO auth_permission VALUES(53,14,'add_socialtoken','Can add social application token');
INSERT INTO auth_permission VALUES(54,14,'change_socialtoken','Can change social application token');
INSERT INTO auth_permission VALUES(55,14,'delete_socialtoken','Can delete social application token');
INSERT INTO auth_permission VALUES(56,14,'view_socialtoken','Can view social application token');
INSERT INTO auth_permission VALUES(57,15,'add_site','Can add site');
INSERT INTO auth_permission VALUES(58,15,'change_site','Can change site');
INSERT INTO auth_permission VALUES(59,15,'delete_site','Can delete site');
INSERT INTO auth_permission VALUES(60,15,'view_site','Can view site');
INSERT INTO auth_permission VALUES(61,16,'add_association','Can add association');
INSERT INTO auth_permission VALUES(62,16,'change_association','Can change association');
INSERT INTO auth_permission VALUES(63,16,'delete_association','Can delete association');
INSERT INTO auth_permission VALUES(64,16,'view_association','Can view association');
INSERT INTO auth_permission VALUES(65,17,'add_code','Can add code');
INSERT INTO auth_permission VALUES(66,17,'change_code','Can change code');
INSERT INTO auth_permission VALUES(67,17,'delete_code','Can delete code');
INSERT INTO auth_permission VALUES(68,17,'view_code','Can view code');
INSERT INTO auth_permission VALUES(69,18,'add_nonce','Can add nonce');
INSERT INTO auth_permission VALUES(70,18,'change_nonce','Can change nonce');
INSERT INTO auth_permission VALUES(71,18,'delete_nonce','Can delete nonce');
INSERT INTO auth_permission VALUES(72,18,'view_nonce','Can view nonce');
INSERT INTO auth_permission VALUES(73,19,'add_usersocialauth','Can add user social auth');
INSERT INTO auth_permission VALUES(74,19,'change_usersocialauth','Can change user social auth');
INSERT INTO auth_permission VALUES(75,19,'delete_usersocialauth','Can delete user social auth');
INSERT INTO auth_permission VALUES(76,19,'view_usersocialauth','Can view user social auth');
INSERT INTO auth_permission VALUES(77,20,'add_partial','Can add partial');
INSERT INTO auth_permission VALUES(78,20,'change_partial','Can change partial');
INSERT INTO auth_permission VALUES(79,20,'delete_partial','Can delete partial');
INSERT INTO auth_permission VALUES(80,20,'view_partial','Can view partial');
INSERT INTO auth_permission VALUES(81,21,'add_seatclass','Can add seat class');
INSERT INTO auth_permission VALUES(82,21,'change_seatclass','Can change seat class');
INSERT INTO auth_permission VALUES(83,21,'delete_seatclass','Can delete seat class');
INSERT INTO auth_permission VALUES(84,21,'view_seatclass','Can view seat class');
INSERT INTO auth_permission VALUES(85,22,'add_intermediatestop','Can add intermediate stop');
INSERT INTO auth_permission VALUES(86,22,'change_intermediatestop','Can change intermediate stop');
INSERT INTO auth_permission VALUES(87,22,'delete_intermediatestop','Can delete intermediate stop');
INSERT INTO auth_permission VALUES(88,22,'view_intermediatestop','Can view intermediate stop');
CREATE TABLE IF NOT EXISTS "auth_group" ("id" integer NOT NULL PRIMARY KEY AUTOINCREMENT, "name" varchar(150) NOT NULL UNIQUE);
CREATE TABLE IF NOT EXISTS "auth_user" ("id" integer NOT NULL PRIMARY KEY AUTOINCREMENT, "password" varchar(128) NOT NULL, "last_login" datetime NULL, "is_superuser" bool NOT NULL, "username" varchar(150) NOT NULL UNIQUE, "last_name" varchar(150) NOT NULL, "email" varchar(254) NOT NULL, "is_staff" bool NOT NULL, "is_active" bool NOT NULL, "date_joined" datetime NOT NULL, "first_name" varchar(150) NOT NULL);
INSERT INTO auth_user VALUES(1,'pbkdf2_sha256$870000$C1vfXuP8SabaNSGQf6DGyn$myVzYRF+A6ccnlaV879u+sgMnFmxJ6vwNgERp6Ty2SE=','2025-02-10 05:18:20.420058',1,'aditya','','vidhu3968@gmail.com',1,1,'2025-02-07 09:01:06.992469','');
INSERT INTO auth_user VALUES(2,'!VWwPi8PWay3FsNkFRIbSmsRn0HEuotU36OrkOQiC','2025-02-08 02:39:00.863337',0,'aditya2','Singh','',0,1,'2025-02-07 15:31:35.873434','Aditya');
INSERT INTO auth_user VALUES(3,'pbkdf2_sha256$870000$cGI771cRBMDD5DGU1WrK1C$dGTVJvQGgrEUxpmFBYjw7vkh8ELAaoHcs6pKCgVj2RY=','2025-02-10 05:20:43.338421',0,'Ishaan','','ishaan@gmail.com',0,1,'2025-02-08 02:22:02.541572','');
CREATE TABLE IF NOT EXISTS "bookings_bus" ("id" integer NOT NULL PRIMARY KEY AUTOINCREMENT, "name" varchar(100) NOT NULL, "total_seats" integer NOT NULL, "start_location" varchar(100) NOT NULL, "end_location" varchar(100) NOT NULL, "departure_time" time NOT NULL, "duration" decimal NOT NULL, "running_days" varchar(255) NULL);
INSERT INTO bookings_bus VALUES(1,'Volvo Multi Axle',40,'Pilani','Delhi','14:40:00',4,'Monday,Wednesday,Friday,Saturday,Sunday');
INSERT INTO bookings_bus VALUES(2,'Luxury Non AC',54,'Pilani','Delhi','11:00:00',6.5,'Monday,Tuesday,Wednesday,Thursday,Friday,Sunday,Saturday');
INSERT INTO bookings_bus VALUES(3,'Merecedes Benz Multi Axle',36,'Pilani','Delhi','17:00:00',3.5,'Saturday,Sunday');
CREATE TABLE IF NOT EXISTS "bookings_wallet" ("id" integer NOT NULL PRIMARY KEY AUTOINCREMENT, "balance" decimal NOT NULL, "user_id" integer NOT NULL UNIQUE REFERENCES "auth_user" ("id") DEFERRABLE INITIALLY DEFERRED);
INSERT INTO bookings_wallet VALUES(1,1000,2);
INSERT INTO bookings_wallet VALUES(2,976,3);
CREATE TABLE IF NOT EXISTS "django_session" ("session_key" varchar(40) NOT NULL PRIMARY KEY, "session_data" text NOT NULL, "expire_date" datetime NOT NULL);
INSERT INTO django_session VALUES('0ecc4rp83t6gds4xne8xyqxk2218hf9o','.eJxVjU0OwiAQhe_CWhv-SsGdpgfwBs0AQyA2NCl0Zby7tOlCl_O99755kwm2Gqet4DolT25EkMsvs-BemPcA5nnHHTi3bLl2R-eMS3dvF-aaHNS05Me5-lNFKLF50APXVlupvAwwhMCEVJJrw4SQGgdrkHHDjWP9YIWUAmlQqvfc2yC8D01alm112FzPNENOjYxYasrH74ZHnONOPdS9xSnvr5RfGSWfLxvpTf0:1thMXy:SIQLxXq4W1UyJC93n8J026_aEcKRi-08cRTiWrSJTuw','2025-02-24 05:41:30.531051');
CREATE TABLE IF NOT EXISTS "django_site" ("id" integer NOT NULL PRIMARY KEY AUTOINCREMENT, "name" varchar(50) NOT NULL, "domain" varchar(100) NOT NULL UNIQUE);
INSERT INTO django_site VALUES(1,'example.com','example.com');
CREATE TABLE IF NOT EXISTS "socialaccount_socialapp_sites" ("id" integer NOT NULL PRIMARY KEY AUTOINCREMENT, "socialapp_id" integer NOT NULL REFERENCES "socialaccount_socialapp" ("id") DEFERRABLE INITIALLY DEFERRED, "site_id" integer NOT NULL REFERENCES "django_site" ("id") DEFERRABLE INITIALLY DEFERRED);
INSERT INTO socialaccount_socialapp_sites VALUES(1,1,1);
CREATE TABLE IF NOT EXISTS "socialaccount_socialapp" ("id" integer NOT NULL PRIMARY KEY AUTOINCREMENT, "provider" varchar(30) NOT NULL, "name" varchar(40) NOT NULL, "client_id" varchar(191) NOT NULL, "secret" varchar(191) NOT NULL, "key" varchar(191) NOT NULL, "provider_id" varchar(200) NOT NULL, "settings" text NOT NULL CHECK ((JSON_VALID("settings") OR "settings" IS NULL)));
INSERT INTO socialaccount_socialapp VALUES(1,'google','Google login','35923051828-cggt0n8ol9kue9q5tmm2en0eeml0qea9.apps.googleusercontent.com','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','','','{}');
CREATE TABLE IF NOT EXISTS "socialaccount_socialtoken" ("id" integer NOT NULL PRIMARY KEY AUTOINCREMENT, "token" text NOT NULL, "token_secret" text NOT NULL, "expires_at" datetime NULL, "account_id" integer NOT NULL REFERENCES "socialaccount_socialaccount" ("id") DEFERRABLE INITIALLY DEFERRED, "app_id" integer NULL REFERENCES "socialaccount_socialapp" ("id") DEFERRABLE INITIALLY DEFERRED);
CREATE TABLE IF NOT EXISTS "socialaccount_socialaccount" ("id" integer NOT NULL PRIMARY KEY AUTOINCREMENT, "provider" varchar(200) NOT NULL, "uid" varchar(191) NOT NULL, "last_login" datetime NOT NULL, "date_joined" datetime NOT NULL, "user_id" integer NOT NULL REFERENCES "auth_user" ("id") DEFERRABLE INITIALLY DEFERRED, "extra_data" text NOT NULL CHECK ((JSON_VALID("extra_data") OR "extra_data" IS NULL)));
INSERT INTO socialaccount_socialaccount VALUES(1,'google','102879614251610904242','2025-02-08 02:39:00.840773','2025-02-07 15:31:35.893395',2,'{"iss": "https://accounts.google.com", "azp": "35923051828-cggt0n8ol9kue9q5tmm2en0eeml0qea9.apps.googleusercontent.com", "aud": "35923051828-cggt0n8ol9kue9q5tmm2en0eeml0qea9.apps.googleusercontent.com", "sub": "102879614251610904242", "at_hash": "ZwO_UitbCxrOip1EutIlhA", "name": "Aditya Singh", "picture": "https://lh3.googleusercontent.com/a/ACg8ocJw79Jpgm2VI-R6A1lYM4I7GQyJxRvw--sjnHzP__4dx9TISw=s96-c", "given_name": "Aditya", "family_name": "Singh", "iat": 1738982340, "exp": 1738985940}');
CREATE TABLE IF NOT EXISTS "social_auth_association" ("id" integer NOT NULL PRIMARY KEY AUTOINCREMENT, "server_url" varchar(255) NOT NULL, "handle" varchar(255) NOT NULL, "secret" varchar(255) NOT NULL, "issued" integer NOT NULL, "lifetime" integer NOT NULL, "assoc_type" varchar(64) NOT NULL);
CREATE TABLE IF NOT EXISTS "social_auth_code" ("id" integer NOT NULL PRIMARY KEY AUTOINCREMENT, "email" varchar(254) NOT NULL, "code" varchar(32) NOT NULL, "verified" bool NOT NULL, "timestamp" datetime NOT NULL);
CREATE TABLE IF NOT EXISTS "social_auth_nonce" ("id" integer NOT NULL PRIMARY KEY AUTOINCREMENT, "server_url" varchar(255) NOT NULL, "timestamp" integer NOT NULL, "salt" varchar(65) NOT NULL);
CREATE TABLE IF NOT EXISTS "social_auth_usersocialauth" ("id" integer NOT NULL PRIMARY KEY AUTOINCREMENT, "provider" varchar(32) NOT NULL, "uid" varchar(255) NOT NULL, "user_id" integer NOT NULL REFERENCES "auth_user" ("id") DEFERRABLE INITIALLY DEFERRED, "created" datetime NOT NULL, "modified" datetime NOT NULL, "extra_data" text NOT NULL CHECK ((JSON_VALID("extra_data") OR "extra_data" IS NULL)));
CREATE TABLE IF NOT EXISTS "social_auth_partial" ("id" integer NOT NULL PRIMARY KEY AUTOINCREMENT, "token" varchar(32) NOT NULL, "next_step" smallint unsigned NOT NULL CHECK ("next_step" >= 0), "backend" varchar(32) NOT NULL, "timestamp" datetime NOT NULL, "data" text NOT NULL CHECK ((JSON_VALID("data") OR "data" IS NULL)));
CREATE TABLE IF NOT EXISTS "bookings_seatclass" ("id" integer NOT NULL PRIMARY KEY AUTOINCREMENT, "name" varchar(50) NOT NULL, "price_class" decimal NOT NULL, "available_seats" integer NOT NULL, "bus_id" bigint NULL REFERENCES "bookings_bus" ("id") DEFERRABLE INITIALLY DEFERRED);
INSERT INTO bookings_seatclass VALUES(1,'recliner',120,18,1);
INSERT INTO bookings_seatclass VALUES(2,'Normal',80,19,1);
CREATE TABLE IF NOT EXISTS "bookings_intermediatestop" ("id" integer NOT NULL PRIMARY KEY AUTOINCREMENT, "location" varchar(255) NOT NULL, "stop_order" integer NOT NULL, "arrival_time" time NULL, "bus_id" bigint NOT NULL REFERENCES "bookings_bus" ("id") DEFERRABLE INITIALLY DEFERRED, "fare_multiplier" decimal NOT NULL);
INSERT INTO bookings_intermediatestop VALUES(1,'Loharu',1,'15:00:00',1,0.9000000000000000222);
INSERT INTO bookings_intermediatestop VALUES(2,'gurugram',2,'18:00:00',1,0.4000000000000000222);
CREATE TABLE IF NOT EXISTS "bookings_booking" ("id" integer NOT NULL PRIMARY KEY AUTOINCREMENT, "num_tickets" integer NOT NULL, "booked_at" datetime NOT NULL, "passenger_name" varchar(100) NOT NULL, "passenger_email" varchar(100) NOT NULL, "booking_id" varchar(36) NOT NULL UNIQUE, "status" varchar(10) NOT NULL, "journey_date" date NOT NULL, "user_id" integer NOT NULL REFERENCES "auth_user" ("id") DEFERRABLE INITIALLY DEFERRED, "bus_id" bigint NOT NULL REFERENCES "bookings_bus" ("id") DEFERRABLE INITIALLY DEFERRED, "boarding" varchar(100) NOT NULL, "deboarding" varchar(100) NOT NULL);
INSERT INTO bookings_booking VALUES(1,1,'2025-02-08 02:39:48.413526','Aditya','asd@gmail.com','0d3ea647-26d6-4d34-8ad0-2626d62a629e','cancelled','2025-02-08',2,1,'enter','enter');
INSERT INTO bookings_booking VALUES(2,1,'2025-02-08 02:39:48.425616','dev','dev@gmail.com','9babf992-5682-40da-8b38-b2967799d8c5','cancelled','2025-02-08',2,1,'enter','enter');
INSERT INTO bookings_booking VALUES(3,1,'2025-02-08 02:41:35.485468','Aditya','ad@gmail.com','f262faf5-a729-4b18-9e61-bcac8be218c4','booked','2025-02-08',2,1,'enter','enter');
INSERT INTO bookings_booking VALUES(4,1,'2025-02-08 02:41:35.495802','dev','dev@gmail.com','df7e8ffb-42d9-4fd5-9e15-5becef7cadae','booked','2025-02-08',2,1,'enter','enter');
INSERT INTO bookings_booking VALUES(5,1,'2025-02-09 19:36:41.832349','Aditya_10feb','ad@gmail.com','6f796f84-43b1-43ee-a826-bcf25af7c87d','booked','2025-02-09',3,1,'Pilani','Loharu');
INSERT INTO bookings_booking VALUES(6,1,'2025-02-09 19:43:32.782956','Aditya_2','ad@gmail.com','afbbef42-9b04-48a9-9e7b-f171ac61379c','booked','2025-02-09',3,1,'Pilani','Loharu');
INSERT INTO bookings_booking VALUES(7,1,'2025-02-09 19:49:24.297731','Aditya','singh@gmail.com','9d5f5d93-48a6-4b60-93c1-4eda1b673f71','booked','2025-02-09',3,1,'Pilani','Loharu');
DELETE FROM sqlite_sequence;
INSERT INTO sqlite_sequence VALUES('django_migrations',69);
INSERT INTO sqlite_sequence VALUES('account_emailaddress',0);
INSERT INTO sqlite_sequence VALUES('django_admin_log',15);
INSERT INTO sqlite_sequence VALUES('django_content_type',22);
INSERT INTO sqlite_sequence VALUES('auth_permission',88);
INSERT INTO sqlite_sequence VALUES('auth_group',0);
INSERT INTO sqlite_sequence VALUES('auth_user',3);
INSERT INTO sqlite_sequence VALUES('django_site',1);
INSERT INTO sqlite_sequence VALUES('socialaccount_socialapp',1);
INSERT INTO sqlite_sequence VALUES('socialaccount_socialtoken',0);
INSERT INTO sqlite_sequence VALUES('socialaccount_socialaccount',1);
INSERT INTO sqlite_sequence VALUES('social_auth_association',0);
INSERT INTO sqlite_sequence VALUES('social_auth_code',0);
INSERT INTO sqlite_sequence VALUES('social_auth_nonce',0);
INSERT INTO sqlite_sequence VALUES('social_auth_usersocialauth',0);
INSERT INTO sqlite_sequence VALUES('social_auth_partial',0);
INSERT INTO sqlite_sequence VALUES('socialaccount_socialapp_sites',1);
INSERT INTO sqlite_sequence VALUES('bookings_wallet',2);
INSERT INTO sqlite_sequence VALUES('bookings_bus',3);
INSERT INTO sqlite_sequence VALUES('bookings_seatclass',2);
INSERT INTO sqlite_sequence VALUES('bookings_intermediatestop',2);
INSERT INTO sqlite_sequence VALUES('bookings_booking',7);
CREATE UNIQUE INDEX "auth_group_permissions_group_id_permission_id_0cd325b0_uniq" ON "auth_group_permissions" ("group_id", "permission_id");
CREATE INDEX "auth_group_permissions_group_id_b120cbf9" ON "auth_group_permissions" ("group_id");
CREATE INDEX "auth_group_permissions_permission_id_84c5c92e" ON "auth_group_permissions" ("permission_id");
CREATE UNIQUE INDEX "auth_user_groups_user_id_group_id_94350c0c_uniq" ON "auth_user_groups" ("user_id", "group_id");
CREATE INDEX "auth_user_groups_user_id_6a12ed8b" ON "auth_user_groups" ("user_id");
CREATE INDEX "auth_user_groups_group_id_97559544" ON "auth_user_groups" ("group_id");
CREATE UNIQUE INDEX "auth_user_user_permissions_user_id_permission_id_14a6b632_uniq" ON "auth_user_user_permissions" ("user_id", "permission_id");
CREATE INDEX "auth_user_user_permissions_user_id_a95ead1b" ON "auth_user_user_permissions" ("user_id");
CREATE INDEX "auth_user_user_permissions_permission_id_1fbb5f2c" ON "auth_user_user_permissions" ("permission_id");
CREATE INDEX "account_emailconfirmation_email_address_id_5b7f8c58" ON "account_emailconfirmation" ("email_address_id");
CREATE UNIQUE INDEX "account_emailaddress_user_id_email_987c8728_uniq" ON "account_emailaddress" ("user_id", "email");
CREATE UNIQUE INDEX "unique_verified_email" ON "account_emailaddress" ("email") WHERE "verified";
CREATE INDEX "account_emailaddress_user_id_2c513194" ON "account_emailaddress" ("user_id");
CREATE INDEX "account_emailaddress_email_03be32b2" ON "account_emailaddress" ("email");
CREATE UNIQUE INDEX "unique_primary_email" ON "account_emailaddress" ("user_id", "primary") WHERE "primary";
CREATE INDEX "django_admin_log_content_type_id_c4bce8eb" ON "django_admin_log" ("content_type_id");
CREATE INDEX "django_admin_log_user_id_c564eba6" ON "django_admin_log" ("user_id");
CREATE UNIQUE INDEX "django_content_type_app_label_model_76bd3d3b_uniq" ON "django_content_type" ("app_label", "model");
CREATE UNIQUE INDEX "auth_permission_content_type_id_codename_01ab375a_uniq" ON "auth_permission" ("content_type_id", "codename");
CREATE INDEX "auth_permission_content_type_id_2f476e4b" ON "auth_permission" ("content_type_id");
CREATE INDEX "django_session_expire_date_a5c62663" ON "django_session" ("expire_date");
CREATE UNIQUE INDEX "socialaccount_socialapp_sites_socialapp_id_site_id_71a9a768_uniq" ON "socialaccount_socialapp_sites" ("socialapp_id", "site_id");
CREATE INDEX "socialaccount_socialapp_sites_socialapp_id_97fb6e7d" ON "socialaccount_socialapp_sites" ("socialapp_id");
CREATE INDEX "socialaccount_socialapp_sites_site_id_2579dee5" ON "socialaccount_socialapp_sites" ("site_id");
CREATE UNIQUE INDEX "socialaccount_socialtoken_app_id_account_id_fca4e0ac_uniq" ON "socialaccount_socialtoken" ("app_id", "account_id");
CREATE INDEX "socialaccount_socialtoken_account_id_951f210e" ON "socialaccount_socialtoken" ("account_id");
CREATE INDEX "socialaccount_socialtoken_app_id_636a42d7" ON "socialaccount_socialtoken" ("app_id");
CREATE UNIQUE INDEX "socialaccount_socialaccount_provider_uid_fc810c6e_uniq" ON "socialaccount_socialaccount" ("provider", "uid");
CREATE INDEX "socialaccount_socialaccount_user_id_8146e70c" ON "socialaccount_socialaccount" ("user_id");
CREATE UNIQUE INDEX "social_auth_association_server_url_handle_078befa2_uniq" ON "social_auth_association" ("server_url", "handle");
CREATE UNIQUE INDEX "social_auth_code_email_code_801b2d02_uniq" ON "social_auth_code" ("email", "code");
CREATE INDEX "social_auth_code_code_a2393167" ON "social_auth_code" ("code");
CREATE INDEX "social_auth_code_timestamp_176b341f" ON "social_auth_code" ("timestamp");
CREATE UNIQUE INDEX "social_auth_nonce_server_url_timestamp_salt_f6284463_uniq" ON "social_auth_nonce" ("server_url", "timestamp", "salt");
CREATE UNIQUE INDEX "social_auth_usersocialauth_provider_uid_e6b5e668_uniq" ON "social_auth_usersocialauth" ("provider", "uid");
CREATE INDEX "social_auth_usersocialauth_uid_796e51dc" ON "social_auth_usersocialauth" ("uid");
CREATE INDEX "social_auth_usersocialauth_user_id_17d28448" ON "social_auth_usersocialauth" ("user_id");
CREATE INDEX "social_auth_partial_token_3017fea3" ON "social_auth_partial" ("token");
CREATE INDEX "social_auth_partial_timestamp_50f2119f" ON "social_auth_partial" ("timestamp");
CREATE INDEX "bookings_seatclass_bus_id_af4aed93" ON "bookings_seatclass" ("bus_id");
CREATE INDEX "bookings_intermediatestop_bus_id_fa6b61db" ON "bookings_intermediatestop" ("bus_id");
CREATE INDEX "bookings_booking_user_id_834dfc23" ON "bookings_booking" ("user_id");
CREATE INDEX "bookings_booking_bus_id_7c297dad" ON "bookings_booking" ("bus_id");
COMMIT;
